wavelength_um,frequency_per_um,reference_flux,ring_flux,normalized_transmission
1.2576064908722109,0.7951612903225806,3.173052542981165e-05,3.396207834012201e-06,0.10703282684444224
1.2602479842807779,0.7934946236559139,4.321496559449123e-05,1.743874337550711e-05,0.4035348203014673
1.2629005975013579,0.7918279569892474,5.0658866948114e-05,3.610863996080375e-05,0.7127802522268623
1.2655644008981424,0.7901612903225806,6.68327314767004e-05,5.513080882324407e-05,0.8249073112096889
1.2682394654302467,0.788494623655914,7.97274022009398e-05,8.204444183656738e-05,1.0290620234908427
1.2709258626580116,0.7868279569892473,0.000101520420059337,9.33955439478336e-05,0.9199680605462967
1.2736236647493837,0.7851612903225806,0.00012356704074550142,0.0001242795700420088,1.005766337788852
1.276332944486379,0.7834946236559139,0.00015157005246311487,0.00014415718237836936,0.9510927787892041
1.279053775271627,0.7818279569892473,0.00018840710431135366,0.00014185614319598677,0.7529235360549954
1.281786231135001,0.7801612903225806,0.00022258017133082886,7.350889975022186e-07,0.0033025807874396394
1.2845303867403315,0.778494623655914,0.0002823186620211724,0.00010803178956013561,0.382659044877571
1.2872863173922071,0.7768279569892473,0.00032174966100410716,0.0001848553820400282,0.5745317072382821
1.290054099042863,0.7751612903225806,0.0004153269598203666,0.0003491344352949007,0.8406255048935544
1.292833808299159,0.7734946236559139,0.00045819991119426144,0.00044274192022482215,0.9662636535019196
1.295625522429646,0.7718279569892473,0.0005993117245662547,0.0005812202074845143,0.9698128430662124
1.2984293193717276,0.7701612903225807,0.0006433001589179455,0.0006254317908946656,0.9722239023641231
1.3012452777389114,0.768494623655914,0.0008476440078413317,0.0008140507661810795,0.9603686909250936
1.3040734768281568,0.7668279569892473,0.0008909251154105841,0.0007885097345827643,0.8850460279362294
1.3069139966273187,0.7651612903225806,0.0011745771513217967,4.654283932157697e-05,0.039625187046419666
1.3097669178226887,0.7634946236559139,0.001217659069208295,0.0005672776308573641,0.4658755847202782
1.3126323218066338,0.7618279569892473,0.0015944776903840424,0.00045724157464971583,0.28676573990796045
1.3155102906853382,0.7601612903225807,0.0016429552675697348,0.0016087015165802175,0.9791511359647755
1.3184009072866458,0.758494623655914,0.0021210932013527918,0.001820145047858503,0.858116487619521
1.3213042551680045,0.7568279569892473,0.0021892957842487124,0.0022768665397889824,1.0399995085955556
1.3242204186245194,0.7551612903225806,0.0027671518393863085,0.002591964976718973,0.936690549403972
1.3271494826971104,0.7534946236559139,0.00288226700387508,0.0028320777163826005,0.9825868708814963
1.330091533180778,0.7518279569892473,0.0035446542612936932,0.0031846109459820215,0.8984263940088005
1.333046656632982,0.7501612903225807,0.0037505347353536853,0.0008680562669314286,0.23144866750569335
1.3360149403821289,0.748494623655914,0.004466144815640735,0.001723077957825753,0.38580879683780517
1.3389964725361745,0.7468279569892473,0.0048257534917243656,0.0005508475751695706,0.11414747481698213
1.341991341991342,0.7451612903225806,0.005547068626156098,0.004341333259905057,0.7826355779040418
1.3449996384409573,0.743494623655914,0.006142864972785248,0.005963325478533278,0.9707726777249078
1.3480214523844036,0.7418279569892473,0.006809206777673499,0.00616084237057793,0.904781213397503
1.351056875136195,0.7401612903225807,0.007741367912860653,0.007726623778334066,0.998095409662407
1.3541059988351776,0.738494623655914,0.008285330298578617,0.007765359918414987,0.9372420457090488
1.357168916453849,0.7368279569892473,0.009668204902594632,0.008452837973681421,0.8742923902463997
1.3602457218078106,0.7351612903225806,0.010025446743089857,0.004847103462270247,0.4834800469725864
1.363336509565345,0.733494623655914,0.01198252378190462,0.003550559615487015,0.29631150165951553
1.366441375257126,0.7318279569892473,0.012104847382831775,0.0016886679615844367,0.13950344917024424
1.3695604152860612,0.7301612903225807,0.014762304530049968,0.009666957592484577,0.6548406837703853
1.3726937269372694,0.728494623655914,0.014633896115642525,0.014494118051358178,0.9904483356189104
1.3758414083881945,0.7268279569892473,0.018112421968040724,0.016608922819158326,0.9169907176668414
1.3790035587188614,0.7251612903225806,0.017769016034657265,0.01752167229060941,0.9860800539790483
1.382180277922271,0.723494623655914,0.02217316644840551,0.020640605781829996,0.930882191763562
1.3853716669149412,0.7218279569892473,0.021724272215960187,0.01946891539476536,0.8961826293293322
1.3885778275475922,0.7201612903225807,0.027127313266234753,0.01589743637110964,0.5860306258525465
1.3917988626159832,0.718494623655914,0.0267825504868191,0.0075177788679388095,0.2806968989618314
1.395034875871897,0.7168279569892473,0.033203218909453006,0.014750052139852187,0.44423560800163336
1.3982859720342806,0.7151612903225806,0.03330455349311214,0.022196360910743694,0.6664662510888855
1.4015522568005425,0.713494623655914,0.040672429420333646,0.03401929144908636,0.836421426846926
1.404833836858006,0.7118279569892473,0.04173201900419174,0.043752799727956315,1.04842278835255
1.4081308198955258,0.7101612903225807,0.04984190121055483,0.044413450820264565,0.8910866106941221
1.4114433146152678,0.708494623655914,0.052579313707468184,0.05146739206184824,0.9788524884176644
1.4147714307446566,0.7068279569892473,0.06104276545233371,0.054711820443414175,0.8962867268216549
1.4181152790484903,0.7051612903225807,0.06640580078220791,0.044869616722077336,0.6756882108723737
1.4214749713412305,0.703494623655914,0.07461659802557148,0.0027669639229374174,0.03708241860596707
1.4248506204994635,0.7018279569892474,0.08376219088272684,0.03815069135881332,0.45546434443467537
1.428242340474545,0.7001612903225807,0.09089816032658747,0.03217570623970657,0.3539753293587314
1.4316502463054188,0.698494623655914,0.10510974181806489,0.08814905409875139,0.8386382896014447
1.4350744541316258,0.6968279569892473,0.11019195603463484,0.10280393689191587,0.9329531899733514
1.4385150812064964,0.6951612903225807,0.13071891964499696,0.12490926153375986,0.9555561036840359
1.4419722459105357,0.693494623655914,0.1327419475637229,0.12331561714536626,0.9289875537359318
1.4454460677649983,0.6918279569892474,0.16056312963905212,0.1463459061894085,0.9114539964336512
1.4489366674456647,0.6901612903225807,0.15869754464678604,0.13065741343917645,0.8233108693016098
1.452444166796814,0.688494623655914,0.1942282975304279,0.008351111471397337,0.042996368590879755
1.4559686888454013,0.6868279569892473,0.18807953815309109,0.10619366993690176,0.5646210692545581
1.4595103578154425,0.6851612903225807,0.23086463902193702,0.02592799735126077,0.11230822295309185
1.46306929914261,0.683494623655914,0.22074597468486332,0.19864527880373867,0.8998817717393236
1.4666456394890395,0.6818279569892474,0.2692076563051935,0.220777399874043,0.8201007464057916
1.470239506758359,0.6801612903225807,0.2563518633487621,0.26099763099220397,1.0181226209271645
1.473851030110935,0.678494623655914,0.3076824936678574,0.2715157287331108,0.8824542647727351
1.4774803399793472,0.6768279569892472,0.2942993934576076,0.27719456261678577,0.9418794899987258
1.4811275680840899,0.6751612903225807,0.34457653147069317,0.2800596739204217,0.8127647948776258
1.4847928474495091,0.673494623655914,0.33368346484893313,0.07652140620867857,0.22932333864167267
1.4884763124199742,0.6718279569892474,0.3782345017493814,0.19595958618374304,0.5180901934577774
1.4921780986762936,0.6701612903225806,0.3732494235452578,0.09486932662664953,0.25417139489606283
1.4958983432523727,0.6684946236559139,0.40722683379239794,0.3306235445864358,0.8118903695697663
1.4996371845521246,0.6668279569892472,0.41138479570437914,0.39726963905738294,0.965688676892329
1.5033947623666344,0.6651612903225806,0.4304643629989292,0.38627582101960933,0.8973468055021554
1.507171217891581,0.6634946236559139,0.4461640293460309,0.441092538692173,0.9886331252178903
1.5109666937449227,0.6618279569892473,0.44725419183187026,0.39942560549778405,0.8930617371338898
1.5147813339848522,0.6601612903225806,0.47546202626341816,0.39385568891367173,0.8283641324816665
1.518615284128021,0.6584946236559139,0.45729788755931305,0.22226555544327276,0.4860410718919933
1.5224686911680445,0.6568279569892473,0.49714984550581853,0.16006248303612408,0.3219602389160367
1.5263417035942886,0.6551612903225806,0.4606360589422103,0.18034062052794983,0.3915034809521386
1.5302344714109422,0.6534946236559139,0.5093700020875697,0.26517262741578157,0.520589407167707
1.534147146156384,0.6518279569892473,0.4575608171336773,0.4518640052543389,0.9875496072521567
1.538079880922848,0.6501612903225806,0.5108487852654691,0.44588689594287434,0.8728353845672033
1.5420328303763888,0.6484946236559139,0.4485330251837674,0.43692495469324016,0.9741199201869888
1.546006150777159,0.6468279569892473,0.5011597800194835,0.4488284011769233,0.8955794520451628
1.55,0.6451612903225806,0.434130117379683,0.3728466187335867,0.8588361042168868
1.5540145375553511,0.643494623655914,0.4808500270851642,0.26912250514875563,0.5596807528121255
1.5580499246104875,0.6418279569892473,0.41502144783913225,0.022137579289766986,0.053340807818558336
1.562106324011086,0.6401612903225806,0.4513883250222049,0.2623033263181519,0.5811034795932052
1.5661839003031326,0.6384946236559139,0.3919497698638947,0.12892405249371994,0.3289300374853876
1.570282819755171,0.6368279569892473,0.41495529383750185,0.32793878827574624,0.7902990831686277
1.574403250380904,0.6351612903225806,0.365705454751384,0.3676619004151782,1.0053497852940811
1.5785453619621488,0.633494623655914,0.3741268831681198,0.3231454988238816,0.8637323682475688
1.5827093260721579,0.6318279569892473,0.3370990096025994,0.32206623822446995,0.9554054715383135
1.5868953160993091,0.6301612903225806,0.33151643303190154,0.2902771033626429,0.8756039654140155
1.5911035072711721,0.6284946236559139,0.3069456940701674,0.21425090290849794,0.6980091496560314
1.5953340766789605,0.6268279569892473,0.2894499861329325,0.00524564817251504,0.01812281369433519
1.5995872033023737,0.6251612903225806,0.2760650457300212,0.17058920227065197,0.6179311901640756
1.6038630680348365,0.623494623655914,0.2497459939885895,0.016351593806224755,0.06547289726285593
1.6081618537091475,0.6218279569892473,0.24527986058020906,0.1914084478338921,0.7803675661797743
1.6124837451235372,0.6201612903225806,0.21363237505456775,0.20800081978743815,0.9736390363787738
1.6168289290681503,0.6184946236559139,0.21539458066599132,0.19865597830279194,0.9222886559566899
1.6211975943519568,0.6168279569892473,0.18178016526427068,0.17055577233140987,0.9382529281093849
1.6255899318300997,0.6151612903225806,0.1871468139835788,0.16822832284434952,0.8989109633419179
1.6300061344316887,0.613494623655914,0.15440222794893685,0.12535914854632,0.8118998683605664
1.6344463971880492,0.6118279569892473,0.16114548961268949,0.030504891845947246,0.18930031438835332
1.638910917261433,0.6101612903225806,0.13137042758784057,0.06776232229157822,0.5158110811983853
1.6433998939742003,0.608494623655914,0.13781679503450728,0.030386419164290877,0.22048415185306383
1.6479135288384867,0.6068279569892473,0.1123257597344134,0.07090246997797221,0.6312218154198669
1.6524520255863542,0.6051612903225806,0.11737376538315702,0.09474158720926477,0.8071785624324876
1.6570155902004453,0.603494623655914,0.0967710998337355,0.10013585698363232,1.0347702687649296
1.6616044309451492,0.6018279569892473,0.09981679761097416,0.08456519095837635,0.8472040075655463
1.6662187583982802,0.6001612903225806,0.0841437411411246,0.07730927071982424,0.9187762473047437
1.6708587854832915,0.598494623655914,0.08496557761286057,0.06898704662879317,0.8119411244766391
1.6755247275020269,0.5968279569892473,0.0738688814513601,0.024825161610628747,0.3360706311354557
1.680216802168022,0.5951612903225806,0.07251550824556295,0.013702170058035706,0.18895503030379862
1.684935229640366,0.593494623655914,0.06539816302491387,0.02800855500773741,0.4282773966765299
1.6896802325581397,0.5918279569892473,0.06210306316215704,0.02433057358801751,0.39177735121515755
1.6944520360754307,0.5901612903225806,0.05823758589672524,0.04685795792964502,0.8045999367614566
1.6992508678969487,0.588494623655914,0.05336245834865953,0.04917235229892536,0.9214783917495543
1.7040769583142465,0.5868279569892473,0.05196872561350207,0.049329173714084934,0.9492088391959461
1.7089305402425579,0.5851612903225807,0.0459630167174516,0.040759948117501325,0.8867988010461738
1.7138118492582697,0.583494623655914,0.04626530434676101,0.03814756066370826,0.8245392784577874
1.7187211236370359,0.5818279569892473,0.039627174093434296,0.02354621392125693,0.5941936173833358
1.7236586043925495,0.5801612903225806,0.04090410263668035,0.0004540319288370255,0.011099911734278625
1.728624535315985,0.578494623655914,0.03413498652051178,0.018488699390734668,0.5416348818425568
1.7336191630161246,0.5768279569892473,0.035766009013020544,0.0009852455958292237,0.027546981701831674
1.7386427369601793,0.5751612903225807,0.029320699849187056,0.02407874324677119,0.8212199357662602
1.7436955095153277,0.573494623655914,0.030823708067014174,0.024212416741979433,0.7855127841640254
1.7487777359909742,0.5718279569892473,0.02506481849741282,0.025489208574687356,1.016931703587574
1.753889674681754,0.5701612903225806,0.026117548569542123,0.022601163457555994,0.865363125385861
1.7590315869112918,0.568494623655914,0.02128382699391591,0.018593303910901707,0.8735883784535882
1.7642037370767336,0.5668279569892473,0.021725141816235288,0.015251815563350715,0.702035259072646
1.769406392694064,0.5651612903225807,0.017919742315857603,0.0007862455867445694,0.04387594268299283
1.7746398244442325,0.563494623655914,0.01773127840203564,0.007609259889404936,0.4291433317369465
1.7799043062200959,0.5618279569892473,0.014931282489677544,0.0016787765798937971,0.11243351540997146
1.785200115174201,0.5601612903225807,0.0142034282602093,0.006236640432593653,0.4390940214106978
1.790527531767424,0.558494623655914,0.012287811783639047,0.010042312201278734,0.8172579770997025
1.7958868398184804,0.5568279569892473,0.01117688592802243,0.009695288908761415,0.8674409823270729
1.8012783265543288,0.5551612903225807,0.009966019663080286,0.009486941427072173,0.9519288289403154
1.8067022826614862,0.553494623655914,0.008651089745974566,0.0074501879038035915,0.8611849053201921
1.8121590023382699,0.5518279569892472,0.007947983556995018,0.005254063974666783,0.6610562209886157
1.8176487833479917,0.5501612903225807,0.006595186110399728,0.001273766724284755,0.19313582709609892
1.823171927073123,0.548494623655914,0.006219050516606936,0.001018578783447439,0.16378364844078602
1.8287287385704456,0.5468279569892472,0.0049582094314593195,0.0019569654913450278,0.3946919787067256
1.834319526627219,0.5451612903225806,0.004765019972758288,0.00037361238097294357,0.07840730639302518
1.8399446038183798,0.5434946236559139,0.003679570114077689,0.0032653921968139555,0.887438503840672
1.8456042865647948,0.5418279569892472,0.0035693454143695316,0.002889581306547256,0.80955496627318
1.8512988951925948,0.5401612903225806,0.002697386295458139,0.002586103252849665,0.9587441210048956
1.8570287539936103,0.5384946236559139,0.0026112486094038365,0.0021784068022800093,0.8342395260393657
1.8627941912869306,0.5368279569892472,0.001953969693426415,0.0014558640381411617,0.7450801530028891
1.8685955394816154,0.5351612903225806,0.0018651183351458133,0.00043865067322945,0.23518651066992846
1.8744331351405827,0.5334946236559139,0.0013986900433420187,7.377578972137048e-05,0.0527463465351417
1.8803073190456938,0.5318279569892472,0.0013012557995258783,0.00035129406822460786,0.26996541982952493
1.8862184362640706,0.5301612903225806,0.0009889760592696915,3.352925638649401e-05,0.0339030010607675
1.8921668362156665,0.5284946236559139,0.0008878211356497751,0.0004104915351074015,0.4623583722266001
1.8981528727421164,0.5268279569892473,0.0006901871669859163,0.0006056179283932613,0.8774691233944941
1.9041769041769043,0.5251612903225806,0.0005934130962082617,0.0004560076812148537,0.7684489677235151
1.9102392934168637,0.5234946236559139,0.0004748644283331401,0.000414108741357998,0.8720567737861403
1.916340407995055,0.5218279569892472,0.00038941168219377525,0.0002864136136525133,0.7355033933213924
1.9224806201550388,0.5201612903225806,0.0003216480058297142,0.00015129988792418289,0.4703896345755165
1.9286603069265866,0.5184946236559139,0.00025149401595084194,2.840057297967926e-06,0.011292743038955865
1.9348798502028501,0.5168279569892473,0.0002141483377432123,9.109732904027616e-05,0.4253935846539794
1.9411396368190357,0.5151612903225806,0.00016023232264343612,3.7458479793143613e-06,0.02337760520172931
1.9474400586326042,0.5134946236559139,0.00013992929913255085,3.8773676182074725e-05,0.2770947644449043
1.953781512605042,0.5118279569892473,0.00010093633138849878,7.977280716506629e-05,0.7903279826767712
1.9601644008852357,0.5101612903225806,8.963946565970767e-05,6.811136549755523e-05,0.7598368084446406
1.9665891308944812,0.5084946236559139,6.299771314572553e-05,5.236570116654496e-05,0.8312317789284394
1.973056115413175,0.5068279569892473,5.628245387069928e-05,4.022781202078142e-05,0.7147487228115346
1.979565772669221,0.5051612903225806,3.902989189430763e-05,2.385938705109458e-05,0.6113106107417732
1.9861185264281904,0.5034946236559139,3.4660679303949534e-05,8.626972307424495e-07,0.024889795816671903
1.9927148060852795,0.5018279569892473,2.4043171329327665e-05,1.7938561239941072e-06,0.07460979666213899
1.9993550467591101,0.5001612903225806,2.0973616022772968e-05,3.3507469260063495e-06,0.15976009679819342
2.006039689387403,0.49849462365591396,1.475092639272329e-05,2.4148265381225277e-07,0.016370677161766427
2.0127691808245864,0.49682795698924725,1.250905626864461e-05,7.431856548529644e-06,0.5941180844440238
2.019543973941368,0.4951612903225806,9.028215755452684e-06,7.382207004515407e-06,0.817681721890269
